{
  "groq:0/llama-3.3-70b-versatile": 1776258159.8116815,
  "openrouter:0/meta-llama/llama-3.3-70b-instruct": 1776248560.4213839,
  "openrouter:1/meta-llama/llama-3.3-70b-instruct": 1776248588.427946,
  "openrouter:2/meta-llama/llama-3.3-70b-instruct": 1776248675.0269547,
  "openrouter:3/meta-llama/llama-3.3-70b-instruct": 1776248735.2493834,
  "openrouter:4/meta-llama/llama-3.3-70b-instruct": 1776248761.692194,
  "openrouter:5/meta-llama/llama-3.3-70b-instruct": 1776248816.8532379,
  "openrouter:6/meta-llama/llama-3.3-70b-instruct": 1776248839.7482243,
  "openrouter:0/anthropic/claude-3-haiku": 1776248875.0884755,
  "openrouter:1/anthropic/claude-3-haiku": 1776248913.2117453,
  "openrouter:2/anthropic/claude-3-haiku": 1776248962.6784477,
  "groq:1/llama-3.3-70b-versatile": 1776248996.9032948,
  "openrouter:3/anthropic/claude-3-haiku": 1776248997.5846229,
  "groq:2/llama-3.3-70b-versatile": 1776248997.9283922,
  "openrouter:4/anthropic/claude-3-haiku": 1776248998.6032803,
  "openrouter:5/anthropic/claude-3-haiku": 1776249032.3067882,
  "openrouter:6/anthropic/claude-3-haiku": 1776249127.8497002,
  "openrouter:0/openai/gpt-4o-mini": 1776249152.3496888,
  "openrouter:1/openai/gpt-4o-mini": 1776249183.0822008,
  "openrouter:2/openai/gpt-4o-mini": 1776249233.584185,
  "openrouter:3/openai/gpt-4o-mini": 1776249273.6329744,
  "openrouter:4/openai/gpt-4o-mini": 1776249303.664826,
  "openrouter:5/openai/gpt-4o-mini": 1776249360.2632537,
  "openrouter:6/openai/gpt-4o-mini": 1776249388.6247418,
  "groq:0/qwen/qwen3-32b": 1776249563.8937812,
  "groq:1/qwen/qwen3-32b": 1776249699.3204474,
  "groq:3/llama-3.3-70b-versatile": 1776249700.0263953,
  "groq:2/qwen/qwen3-32b": 1776249775.1019974,
  "groq:3/qwen/qwen3-32b": 1776250411.415769,
  "groq:4/qwen/qwen3-32b": 1776254044.0663764
}