{
  "groq:0/moonshotai/kimi-k2-instruct": 1775903473.1743011,
  "groq:0/openai/gpt-oss-20b": 1775903473.1743011,
  "groq:0/qwen/qwen3-32b": 1775903473.1743011,
  "groq:0/meta-llama/llama-4-scout-17b-16e-instruct": 1775903473.1743011,
  "groq:0/llama-3.3-70b-versatile": 1775903473.1743011,
  "groq:0/groq/compound": 1775903473.1743011,
  "groq:0/canopylabs/orpheus-v1-english": 1775903473.1743011,
  "groq:0/moonshotai/kimi-k2-instruct-0905": 1775903473.1743011,
  "groq:0/allam-2-7b": 1775903473.1743011,
  "groq:0/llama-3.1-8b-instant": 1775903473.1743011,
  "groq:0/canopylabs/orpheus-arabic-saudi": 1775903473.1743011,
  "groq:0/groq/compound-mini": 1775903473.1743011,
  "groq:0/openai/gpt-oss-120b": 1775903473.1743011,
  "groq:1/moonshotai/kimi-k2-instruct-0905": 1775903473.1743011,
  "groq:1/qwen/qwen3-32b": 1775903473.1743011,
  "groq:1/llama-3.1-8b-instant": 1775903473.1743011,
  "groq:1/openai/gpt-oss-120b": 1775903473.1743011,
  "groq:1/groq/compound": 1775903473.1743011,
  "groq:1/canopylabs/orpheus-v1-english": 1775903473.1743011,
  "groq:1/llama-3.3-70b-versatile": 1775903473.1743011,
  "groq:1/meta-llama/llama-4-scout-17b-16e-instruct": 1775903473.1743011,
  "groq:1/openai/gpt-oss-20b": 1775903473.1743011,
  "groq:1/allam-2-7b": 1775903473.1743011,
  "groq:1/canopylabs/orpheus-arabic-saudi": 1775903473.1743011,
  "groq:1/groq/compound-mini": 1775903473.1743011,
  "groq:1/moonshotai/kimi-k2-instruct": 1775903473.1743011,
  "groq:2/llama-3.1-8b-instant": 1775903473.1743011,
  "groq:2/groq/compound": 1775903473.1743011,
  "groq:2/canopylabs/orpheus-v1-english": 1775903473.1743011,
  "groq:2/openai/gpt-oss-120b": 1775903473.1743011,
  "groq:2/allam-2-7b": 1775903473.1743011,
  "groq:2/moonshotai/kimi-k2-instruct-0905": 1775903473.1743011,
  "groq:2/groq/compound-mini": 1775903473.1743011,
  "groq:2/canopylabs/orpheus-arabic-saudi": 1775903473.1743011,
  "groq:2/moonshotai/kimi-k2-instruct": 1775903473.1743011,
  "groq:2/llama-3.3-70b-versatile": 1775903473.1743011,
  "groq:2/qwen/qwen3-32b": 1775903473.1743011,
  "groq:2/openai/gpt-oss-20b": 1775903473.1743011,
  "groq:2/meta-llama/llama-4-scout-17b-16e-instruct": 1775903473.1743011,
  "groq:3/llama-3.1-8b-instant": 1775903473.1743011,
  "groq:3/moonshotai/kimi-k2-instruct": 1775903473.1743011,
  "groq:3/canopylabs/orpheus-v1-english": 1775903473.1743011,
  "groq:3/meta-llama/llama-4-scout-17b-16e-instruct": 1775903473.1743011,
  "groq:3/openai/gpt-oss-20b": 1775903473.1743011,
  "groq:3/moonshotai/kimi-k2-instruct-0905": 1775903473.1743011,
  "groq:3/qwen/qwen3-32b": 1775903473.1743011,
  "groq:3/groq/compound": 1775903473.1743011,
  "groq:3/groq/compound-mini": 1775903473.1743011,
  "groq:3/openai/gpt-oss-120b": 1775903473.1743011,
  "groq:3/canopylabs/orpheus-arabic-saudi": 1775903473.1743011,
  "groq:3/allam-2-7b": 1775903473.1743011,
  "groq:3/llama-3.3-70b-versatile": 1775903473.1743011,
  "openrouter:0/anthracite-org/magnum-v4-72b": 1775903924.243797,
  "openrouter:0/anthropic/claude-3.5-haiku": 1775903549.681509,
  "openrouter:0/deepseek/deepseek-r1": 1775903550.7910888,
  "openrouter:0/deepseek/deepseek-r1-0528": 1775903554.1148298,
  "openrouter:0/meta-llama/llama-3-70b-instruct": 1775903554.5234447,
  "openrouter:0/meta-llama/llama-3.1-70b-instruct": 1775903557.286365,
  "openrouter:0/meta-llama/llama-3.3-70b-instruct": 1775903557.756666,
  "openrouter:0/meta-llama/llama-3.3-70b-instruct:free": 1775906211.4081478,
  "openrouter:0/meta-llama/llama-4-maverick": 1775906213.7428813,
  "openrouter:0/meta-llama/llama-4-scout": 1775906215.8576105,
  "openrouter:0/nousresearch/hermes-3-llama-3.1-405b": 1775907414.8667114,
  "openrouter:0/nousresearch/hermes-3-llama-3.1-405b:free": 1775906380.1054957,
  "openrouter:0/nousresearch/hermes-3-llama-3.1-70b": 1775906380.4437857,
  "openrouter:0/nousresearch/hermes-4-405b": 1775906381.2368674,
  "openrouter:0/nousresearch/hermes-4-70b": 1775906381.5705147,
  "openrouter:0/nvidia/llama-3.1-nemotron-70b-instruct": 1775906382.3055978,
  "openrouter:0/nvidia/nemotron-3-super-120b-a12b": 1775906382.647899
}